Workbook

Sheet Inventory
A1: Start Date | B1: ID | C1: Purpose | D1: Genotype | E1: Location | F1: Age/day | G1: Cut Bolt | K1: Transformation | O1: Tie & stick | S1: Reduce Water/Bag | W1: Harvest | AA1: Drying seeds | AC1: Storage | AD1: Notes
G2: Start | H2: End | I2: Status/day | J2: Cut | K2: Start | L2: End | M2: Status/day | N2: Dipped | O2: Start | P2: End | Q2: Status/day | R2: Reduced | S2: Start | T2: End | U2: Status/day | V2: Reduced | W2: Start | X2: End | Y2: Status/day | Z2: Harvested | AA2: Start | AB2: End
A3: 45728 | B3: 0001 | C3: Dipping | D3: Col-0 WT (example of an ongoing Col-0 for dipping) | E3: B51-07 | F3: =Action!$B$3-A3 -> 33 | G3: =$A3+Action!$B$4 -> 45753 | H3: =$A3+Action!$B$5 -> 45763 | I3: =$F3-Action!$B$4 -> 8 | J3: xx/xx/xx | K3: =$A3+Action!$B$6 -> 45768 | L3: =$A3+Action!$B$8 -> 45778 | M3: =$F3-Action!$B$6 -> -7 | N3: xx/xx/xxxx | O3: =$A3+Action!$B$11 -> 45788 | P3: =$A3+Action!$B$12 -> 45798 | Q3: =$F3-Action!$B$9 -> -12 | R3: xx/xx/xxxx | S3: =$A3+Action!$B$11 -> 45788 | T3: =$A3+Action!$B$12 -> 45798 | U3: =$F3-Action!$B$11 -> -27 | V3: xx/xx/xxxx | W3: =$A3+Action!$B$13 -> 45803 | X3: =$A3+Action!$B$14 -> 45823 | Y3: =$F3-Action!$B$13 -> -42 | Z3: xx/xx/xxxx | AA3: =Z3 -> xx/xx/xxxx | AB3: =AA3+10 -> #VALUE!
A4: 45700 | B4: 0002 | C4: Segregating | D4: Example of a partially finished line | E4: B18F | F4: =Action!$B$3-A4 -> 61 | G4: =$A4+Action!$B$4 -> 45725 | H4: =$A4+Action!$B$5 -> 45735 | I4: Done | J4: 45730 | K4: na | L4: na | M4: na | N4: na | O4: =$A4+Action!$B$11 -> 45760 | P4: =$A4+Action!$B$12 -> 45770 | Q4: Done | R4: 45396 | S4: =$A4+Action!$B$11 -> 45760 | T4: =$A4+Action!$B$12 -> 45770 | U4: =$F4-Action!$B$11 -> 1 | V4: xx/xx/xxxx | W4: =$A4+Action!$B$13 -> 45775 | X4: =$A4+Action!$B$14 -> 45795 | Y4: =$F4-Action!$B$13 -> -14 | Z4: xx/xx/xxxx | AA4: =Z4 -> xx/xx/xxxx | AB4: =AA4+10 -> #VALUE!
A5: 45673 | B5: 0003 | C5: Bulking | D5: Example of a finished line for seed bulking (no dipping required) | E5: B18F | F5: =Action!$B$3-A5 -> 88 | G5: =$A5+Action!$B$4 -> 45698 | H5: =$A5+Action!$B$5 -> 45708 | I5: Done | J5: 45698 | K5: na | L5: na | M5: na | N5: na | O5: =$A5+Action!$B$11 -> 45733 | P5: =$A5+Action!$B$12 -> 45743 | Q5: Done | R5: 45715 | S5: =$A5+Action!$B$11 -> 45733 | T5: =$A5+Action!$B$12 -> 45743 | U5: Done | V5: xx/xx/xxxx | W5: =$A5+Action!$B$13 -> 45748 | X5: =$A5+Action!$B$14 -> 45768 | Y5: Done | Z5: 45740 | AA5: =Z5 -> 45740 | AB5: =AA5+10 -> 45750
A7: dd/mm/yy | C7: Dipping | D7: Empty entry | E7: B18F | F7: =Action!$B$3-A7 -> #VALUE! | G7: =$A7+Action!$B$4 -> #VALUE! | H7: =$A7+Action!$B$5 -> #VALUE! | I7: =$F7-Action!$B$4 -> #VALUE! | J7: xx/xx/xxxx | K7: =$A7+Action!$B$6 -> #VALUE! | L7: =$A7+Action!$B$8 -> #VALUE! | M7: =$F7-Action!$B$6 -> #VALUE! | N7: xx/xx/xxxx | O7: =$A7+Action!$B$11 -> #VALUE! | P7: =$A7+Action!$B$12 -> #VALUE! | Q7: =$F7-Action!$B$11 -> #VALUE! | R7: xx/xx/xxxx | S7: =$A7+Action!$B$11 -> #VALUE! | T7: =$A7+Action!$B$12 -> #VALUE! | U7: =$F7-Action!$B$11 -> #VALUE! | V7: xx/xx/xxxx | W7: =$A7+Action!$B$13 -> #VALUE! | X7: =$A7+Action!$B$14 -> #VALUE! | Y7: =$F7-Action!$B$13 -> #VALUE! | Z7: xx/xx/xxxx | AA7: =$A7+Action!$B$13 -> #VALUE! | AB7: =$A7+Action!$B$14 -> #VALUE!

Sheet Action
A2: Col-0 WT | B2: Day/Date | D2: Condition (B18F) | E2: Value | G2: Color codes | J2: Purpose | L2: Location
A3: Today | B3: =TODAY() -> 45761 | D3: Temperature | E3: 22 (day), 20 (night) | G3: Yellow: | H3: within 10 days from action starts | J3: Dipping | L3: Room 1
A4: Bolt_Start | B4: 25 | D4: Humidity | E4: 0.7 | G4: Green: | H4: In the action window | J4: Segregating | L4: Room 2
A5: Bolt_End | B5: 35 | D5: Photoperiod | E5: 4.00~20.00 | G5: Red: | H5: within 10 days from action window ends | J5: Cross | L5: Room 3
A6: Transformation_Start | B6: 40 | D6: Light Level | E6: 220 uMol | J6: Bulking
A7: Transformation_Start | B7: 40
A8: Transformation_Start | B8: 50
A9: Tie & stick_Start | B9: 45
A10: Tie & stick_End | B10: 55
A11: ReduceWater_Start | B11: 60
A12: ReduceWater_End | B12: 70
A13: Harvest_Start | B13: 75
A14: Harvest_End | B14: 95
